title,text,label
NASA James Webb Space Telescope Observes Distant Spiral Galaxy,"Astronomers today published new findings from the James Webb Space Telescope, detailing observations of a spiral galaxy formed over 12 billion years ago. The research team confirmed that light spectrum readings indicate ongoing star formation and complex elemental distribution.",0
Researchers Develop New High-Efficiency Solar Cell Material,A team of materials scientists at the National Renewable Energy Laboratory has engineered a perovskite solar cell that achieves over 28 percent energy conversion efficiency in laboratory trials. The findings were published in the peer-reviewed journal Nature Energy.,0
Global Semiconductor Consortium Announces New Manufacturing Standard,Leading chip manufacturers have agreed on a unified standard for next-generation microchip packaging. The agreement aims to streamline supply chains and enhance energy efficiency across data center server architectures.,0
Medical Trial Shows Promise for Novel Immunotherapy Treatment,Phase III clinical trials evaluating a new target immunotherapy for oncology patients demonstrated a significant reduction in tumor progression. The study conducted across twenty university hospitals yielded peer-reviewed statistical validation.,0
Electric Vehicle Battery Recycling Plant Opens in Nevada,"A new industrial recycling facility capable of recovering 95 percent of lithium, cobalt, and nickel from depleted electric vehicle batteries officially began operations today. State officials praised the project for reducing mining dependence.",0
Federal Reserve Adjusts Benchmark Interest Rate Amid Economic Indicators,The Federal Reserve Open Market Committee announced a quarter-point adjustment to the benchmark interest rate following its two-day policy meeting. Chairman stated the decision reflects stable employment data and moderate inflation trends.,0
Bipartisan Infrastructure Bill Passes Senate with 68 Votes,"The Senate approved a comprehensive infrastructure package allocating funds for highway repairs, public transit upgrades, and rural broadband expansion. The bill now advances to the House of Representatives for final consideration.",0
Treasury Department Releases Annual Financial Stability Report,"The Department of the Treasury issued its comprehensive review of domestic financial systems, highlighting liquidity strength across major banking institutions while advising monitoring of commercial real estate debt.",0
European Union Approves Comprehensive AI Regulation Framework,"EU lawmakers voted overwhelmingly to adopt formal regulations governing artificial intelligence applications. The legislation establishes risk-based guidelines, requiring strict transparency audits for high-risk generative models.",0
City Council Approves Urban Park Expansion and Green Space Initiative,Local municipal officials voted to allocate municipal bonds toward transforming decommissioned industrial waterfronts into public botanical gardens and recreational green belts.,0
International Climate Summit Concludes with Carbon Reduction Agreement,Delegates from over 190 nations reached a consensus agreement to accelerate investments in clean energy infrastructure and phase out unmitigated coal power generation by the end of the decade.,0
Seismologists Study Deep Earth Mantle Activity Following Pacific Earthquake,Geophysicists analyzing seismic waves generated by a magnitude 7.2 earthquake have gathered new telemetry regarding mantle convection currents beneath the Pacific Tectonic Plate.,0
Global Agricultural Study Highlights Sustainable Crop Rotation Benefits,Agronomists conducting a ten-year field trial reported that implementing multi-crop rotation strategies improved soil organic matter by 18 percent while reducing chemical fertilizer requirements.,0
Oceanographic Survey Maps Previously Uncharted Submarine Trench,Deep-sea exploration vessels equipped with multibeam sonar arrays completed high-resolution topographic mapping of a 300-mile ocean trench in the South Pacific ocean basin.,0
"Urban Forestry Program Plants 50,000 Native Trees to Combat Heat Islands",Metropolitan environmental agencies completed the first phase of an urban forestry initiative designed to lower summertime canopy temperatures across dense residential districts.,0
SHOCKING: Secret Alien Metropolis Discovered Under Antarctic Ice Sheet,Anonymous whistleblowers claim world governments are hiding a massive underground alien city beneath the South Pole. Leaked satellite images allegedly show advanced antigravity propulsion labs and ancient pyramids operating completely outside public knowledge.,1
MIRACLE CURE: Drink This Common Kitchen Ingredient to Reverse Aging Instantly,Big Pharma is trying to ban this secret home remedy! Top alternative doctors reveal that mixing baking soda and lemon juice eliminates all chronic illness overnight. Doctors are stunned by the unbelievable miraculous results!,1
Scientists Confirm Earth's Core Has Stopped and Will Reverse Rotation Tomorrow,Urgent warning from rogue scientists! Secret government data reveals Earth's inner core has completely halted and will flip directions at midnight. Expect massive electromagnetic blackouts and global chaos across all communications networks.,1
5G Towers Confirmed to Transmit Mind Control Signals to Population,Shocking secret documents leaked from telecom executives confirm that newly installed 5G cellular antennas contain hidden frequency emitters designed to influence human mood and enforce mandatory compliance.,1
NASA Busted Fabricating Mars Rover Photos in Secret Desert Studio,Brave whistleblower photographers released raw unedited images showing the famous Red Planet rover parked inside a secret movie studio in Greenland. The fake space program has been exposed after decades of deception!,1
Leaked Audio Exposes High Ranking Officials Plotting to Cancel Cash Currency Next Week,Secret hidden microphone recordings prove central bankers met behind closed doors to ban physical cash completely starting Monday. Citizens will be forced onto mandatory digital control chips under penalty of asset seizure!,1
UN Secret Military Force Deployed to Seize Private Property Worldwide,Emergency alerts are spreading across social media after eyewitnesses spotted unmarked blue military vehicles staging outside major suburbs. Inside sources confirm an imminent international land takeover initiative.,1
Billionaire Secretly Buys All Fresh Water Reserves to Charge $100 Per Gallon,Undercover investigators revealed an evil globalist plot to privatize rain water and river basins. Leaked internal emails show plans to force households into subscription drinking water plans starting next month.,1
Government Secretly Replacing All City Birds with Surveillance Drones,Shocking expose proves urban pigeons and sparrows are actually micro-robotic spy devices equipped with high definition camera lenses and micro audio bugs recording every private conversation!,1
Banned Document Reveals Secret Tax Exemption for Elite Citizens Only,A hidden tax loop hole discovered in ancient legislative archives allows ultra wealthy individuals to pay zero percent tax legally while ordinary working families pay double. Share this before it gets taken down!,1
Secret Fruit Found in Amazon Rainforest Cures All Diseases in 24 Hours,Pharmaceutical companies do not want you to know about this exotic jungle berry that instantly repairs cellular DNA damage and destroys every viral pathogen known to medical science!,1
Mysterious Energy Shield Discovered Surrounding Ancient Egyptian Pyramid,Amateur archaeologists using secret ground-penetrating radar discovered an active electro-magnetic force field protecting a subterranean chamber buried deep beneath the Giza plateau.,1
Whistleblower Exposes Secret Weather Control Machine Causing Heatwaves,A rogue engineer released detailed blueprints proving that artificial ionospheric heaters are being manipulated by shadowy shadow organizations to artificially generate severe weather events.,1
Scientists Create Living Flying Car That Runs Entirely on Tap Water,Independent inventors built a self-healing biological vehicle that achieves speeds of 300 miles per hour while emitting pure oxygen exhaust. Major automakers are conspiring to suppress the technology!,1
Secret Microchip Found Inside Popular Brand Grocery Cereal Boxes,Consumer advocacy groups issued an urgent product alert after lab tests detected microscopic RFID tracking chips embedded inside breakfast cereals designed to log personal nutrition habits without consent!,1
[Report 2] NASA James Webb Space Telescope Observes Distant Spiral Galaxy,"Astronomers today published new findings from the James Webb Space Telescope, detailing observations of a spiral galaxy formed over 12 billion years ago. The research team confirmed that light spectrum readings indicate ongoing star formation and complex elemental distribution.",0
[Report 2] Researchers Develop New High-Efficiency Solar Cell Material,A team of materials scientists at the National Renewable Energy Laboratory has engineered a perovskite solar cell that achieves over 28 percent energy conversion efficiency in laboratory trials. The findings were published in the peer-reviewed journal Nature Energy.,0
[Report 2] Global Semiconductor Consortium Announces New Manufacturing Standard,Leading chip manufacturers have agreed on a unified standard for next-generation microchip packaging. The agreement aims to streamline supply chains and enhance energy efficiency across data center server architectures.,0
[Report 2] Medical Trial Shows Promise for Novel Immunotherapy Treatment,Phase III clinical trials evaluating a new target immunotherapy for oncology patients demonstrated a significant reduction in tumor progression. The study conducted across twenty university hospitals yielded peer-reviewed statistical validation.,0
[Report 2] Electric Vehicle Battery Recycling Plant Opens in Nevada,"A new industrial recycling facility capable of recovering 95 percent of lithium, cobalt, and nickel from depleted electric vehicle batteries officially began operations today. State officials praised the project for reducing mining dependence.",0
[Report 2] Federal Reserve Adjusts Benchmark Interest Rate Amid Economic Indicators,The Federal Reserve Open Market Committee announced a quarter-point adjustment to the benchmark interest rate following its two-day policy meeting. Chairman stated the decision reflects stable employment data and moderate inflation trends.,0
[Report 2] Bipartisan Infrastructure Bill Passes Senate with 68 Votes,"The Senate approved a comprehensive infrastructure package allocating funds for highway repairs, public transit upgrades, and rural broadband expansion. The bill now advances to the House of Representatives for final consideration.",0
[Report 2] Treasury Department Releases Annual Financial Stability Report,"The Department of the Treasury issued its comprehensive review of domestic financial systems, highlighting liquidity strength across major banking institutions while advising monitoring of commercial real estate debt.",0
[Report 2] European Union Approves Comprehensive AI Regulation Framework,"EU lawmakers voted overwhelmingly to adopt formal regulations governing artificial intelligence applications. The legislation establishes risk-based guidelines, requiring strict transparency audits for high-risk generative models.",0
[Report 2] City Council Approves Urban Park Expansion and Green Space Initiative,Local municipal officials voted to allocate municipal bonds toward transforming decommissioned industrial waterfronts into public botanical gardens and recreational green belts.,0
[Report 2] International Climate Summit Concludes with Carbon Reduction Agreement,Delegates from over 190 nations reached a consensus agreement to accelerate investments in clean energy infrastructure and phase out unmitigated coal power generation by the end of the decade.,0
[Report 2] Seismologists Study Deep Earth Mantle Activity Following Pacific Earthquake,Geophysicists analyzing seismic waves generated by a magnitude 7.2 earthquake have gathered new telemetry regarding mantle convection currents beneath the Pacific Tectonic Plate.,0
[Report 2] Global Agricultural Study Highlights Sustainable Crop Rotation Benefits,Agronomists conducting a ten-year field trial reported that implementing multi-crop rotation strategies improved soil organic matter by 18 percent while reducing chemical fertilizer requirements.,0
[Report 2] Oceanographic Survey Maps Previously Uncharted Submarine Trench,Deep-sea exploration vessels equipped with multibeam sonar arrays completed high-resolution topographic mapping of a 300-mile ocean trench in the South Pacific ocean basin.,0
"[Report 2] Urban Forestry Program Plants 50,000 Native Trees to Combat Heat Islands",Metropolitan environmental agencies completed the first phase of an urban forestry initiative designed to lower summertime canopy temperatures across dense residential districts.,0
[Exclusive 2] SHOCKING: Secret Alien Metropolis Discovered Under Antarctic Ice Sheet,Anonymous whistleblowers claim world governments are hiding a massive underground alien city beneath the South Pole. Leaked satellite images allegedly show advanced antigravity propulsion labs and ancient pyramids operating completely outside public knowledge.,1
[Exclusive 2] MIRACLE CURE: Drink This Common Kitchen Ingredient to Reverse Aging Instantly,Big Pharma is trying to ban this secret home remedy! Top alternative doctors reveal that mixing baking soda and lemon juice eliminates all chronic illness overnight. Doctors are stunned by the unbelievable miraculous results!,1
[Exclusive 2] Scientists Confirm Earth's Core Has Stopped and Will Reverse Rotation Tomorrow,Urgent warning from rogue scientists! Secret government data reveals Earth's inner core has completely halted and will flip directions at midnight. Expect massive electromagnetic blackouts and global chaos across all communications networks.,1
[Exclusive 2] 5G Towers Confirmed to Transmit Mind Control Signals to Population,Shocking secret documents leaked from telecom executives confirm that newly installed 5G cellular antennas contain hidden frequency emitters designed to influence human mood and enforce mandatory compliance.,1
[Exclusive 2] NASA Busted Fabricating Mars Rover Photos in Secret Desert Studio,Brave whistleblower photographers released raw unedited images showing the famous Red Planet rover parked inside a secret movie studio in Greenland. The fake space program has been exposed after decades of deception!,1
[Exclusive 2] Leaked Audio Exposes High Ranking Officials Plotting to Cancel Cash Currency Next Week,Secret hidden microphone recordings prove central bankers met behind closed doors to ban physical cash completely starting Monday. Citizens will be forced onto mandatory digital control chips under penalty of asset seizure!,1
[Exclusive 2] UN Secret Military Force Deployed to Seize Private Property Worldwide,Emergency alerts are spreading across social media after eyewitnesses spotted unmarked blue military vehicles staging outside major suburbs. Inside sources confirm an imminent international land takeover initiative.,1
[Exclusive 2] Billionaire Secretly Buys All Fresh Water Reserves to Charge $100 Per Gallon,Undercover investigators revealed an evil globalist plot to privatize rain water and river basins. Leaked internal emails show plans to force households into subscription drinking water plans starting next month.,1
[Exclusive 2] Government Secretly Replacing All City Birds with Surveillance Drones,Shocking expose proves urban pigeons and sparrows are actually micro-robotic spy devices equipped with high definition camera lenses and micro audio bugs recording every private conversation!,1
[Exclusive 2] Banned Document Reveals Secret Tax Exemption for Elite Citizens Only,A hidden tax loop hole discovered in ancient legislative archives allows ultra wealthy individuals to pay zero percent tax legally while ordinary working families pay double. Share this before it gets taken down!,1
[Exclusive 2] Secret Fruit Found in Amazon Rainforest Cures All Diseases in 24 Hours,Pharmaceutical companies do not want you to know about this exotic jungle berry that instantly repairs cellular DNA damage and destroys every viral pathogen known to medical science!,1
[Exclusive 2] Mysterious Energy Shield Discovered Surrounding Ancient Egyptian Pyramid,Amateur archaeologists using secret ground-penetrating radar discovered an active electro-magnetic force field protecting a subterranean chamber buried deep beneath the Giza plateau.,1
[Exclusive 2] Whistleblower Exposes Secret Weather Control Machine Causing Heatwaves,A rogue engineer released detailed blueprints proving that artificial ionospheric heaters are being manipulated by shadowy shadow organizations to artificially generate severe weather events.,1
[Exclusive 2] Scientists Create Living Flying Car That Runs Entirely on Tap Water,Independent inventors built a self-healing biological vehicle that achieves speeds of 300 miles per hour while emitting pure oxygen exhaust. Major automakers are conspiring to suppress the technology!,1
[Exclusive 2] Secret Microchip Found Inside Popular Brand Grocery Cereal Boxes,Consumer advocacy groups issued an urgent product alert after lab tests detected microscopic RFID tracking chips embedded inside breakfast cereals designed to log personal nutrition habits without consent!,1
[Report 3] NASA James Webb Space Telescope Observes Distant Spiral Galaxy,"Astronomers today published new findings from the James Webb Space Telescope, detailing observations of a spiral galaxy formed over 12 billion years ago. The research team confirmed that light spectrum readings indicate ongoing star formation and complex elemental distribution.",0
[Report 3] Researchers Develop New High-Efficiency Solar Cell Material,A team of materials scientists at the National Renewable Energy Laboratory has engineered a perovskite solar cell that achieves over 28 percent energy conversion efficiency in laboratory trials. The findings were published in the peer-reviewed journal Nature Energy.,0
[Report 3] Global Semiconductor Consortium Announces New Manufacturing Standard,Leading chip manufacturers have agreed on a unified standard for next-generation microchip packaging. The agreement aims to streamline supply chains and enhance energy efficiency across data center server architectures.,0
[Report 3] Medical Trial Shows Promise for Novel Immunotherapy Treatment,Phase III clinical trials evaluating a new target immunotherapy for oncology patients demonstrated a significant reduction in tumor progression. The study conducted across twenty university hospitals yielded peer-reviewed statistical validation.,0
[Report 3] Electric Vehicle Battery Recycling Plant Opens in Nevada,"A new industrial recycling facility capable of recovering 95 percent of lithium, cobalt, and nickel from depleted electric vehicle batteries officially began operations today. State officials praised the project for reducing mining dependence.",0
[Report 3] Federal Reserve Adjusts Benchmark Interest Rate Amid Economic Indicators,The Federal Reserve Open Market Committee announced a quarter-point adjustment to the benchmark interest rate following its two-day policy meeting. Chairman stated the decision reflects stable employment data and moderate inflation trends.,0
[Report 3] Bipartisan Infrastructure Bill Passes Senate with 68 Votes,"The Senate approved a comprehensive infrastructure package allocating funds for highway repairs, public transit upgrades, and rural broadband expansion. The bill now advances to the House of Representatives for final consideration.",0
[Report 3] Treasury Department Releases Annual Financial Stability Report,"The Department of the Treasury issued its comprehensive review of domestic financial systems, highlighting liquidity strength across major banking institutions while advising monitoring of commercial real estate debt.",0
[Report 3] European Union Approves Comprehensive AI Regulation Framework,"EU lawmakers voted overwhelmingly to adopt formal regulations governing artificial intelligence applications. The legislation establishes risk-based guidelines, requiring strict transparency audits for high-risk generative models.",0
[Report 3] City Council Approves Urban Park Expansion and Green Space Initiative,Local municipal officials voted to allocate municipal bonds toward transforming decommissioned industrial waterfronts into public botanical gardens and recreational green belts.,0
[Report 3] International Climate Summit Concludes with Carbon Reduction Agreement,Delegates from over 190 nations reached a consensus agreement to accelerate investments in clean energy infrastructure and phase out unmitigated coal power generation by the end of the decade.,0
[Report 3] Seismologists Study Deep Earth Mantle Activity Following Pacific Earthquake,Geophysicists analyzing seismic waves generated by a magnitude 7.2 earthquake have gathered new telemetry regarding mantle convection currents beneath the Pacific Tectonic Plate.,0
[Report 3] Global Agricultural Study Highlights Sustainable Crop Rotation Benefits,Agronomists conducting a ten-year field trial reported that implementing multi-crop rotation strategies improved soil organic matter by 18 percent while reducing chemical fertilizer requirements.,0
[Report 3] Oceanographic Survey Maps Previously Uncharted Submarine Trench,Deep-sea exploration vessels equipped with multibeam sonar arrays completed high-resolution topographic mapping of a 300-mile ocean trench in the South Pacific ocean basin.,0
"[Report 3] Urban Forestry Program Plants 50,000 Native Trees to Combat Heat Islands",Metropolitan environmental agencies completed the first phase of an urban forestry initiative designed to lower summertime canopy temperatures across dense residential districts.,0
[Exclusive 3] SHOCKING: Secret Alien Metropolis Discovered Under Antarctic Ice Sheet,Anonymous whistleblowers claim world governments are hiding a massive underground alien city beneath the South Pole. Leaked satellite images allegedly show advanced antigravity propulsion labs and ancient pyramids operating completely outside public knowledge.,1
[Exclusive 3] MIRACLE CURE: Drink This Common Kitchen Ingredient to Reverse Aging Instantly,Big Pharma is trying to ban this secret home remedy! Top alternative doctors reveal that mixing baking soda and lemon juice eliminates all chronic illness overnight. Doctors are stunned by the unbelievable miraculous results!,1
[Exclusive 3] Scientists Confirm Earth's Core Has Stopped and Will Reverse Rotation Tomorrow,Urgent warning from rogue scientists! Secret government data reveals Earth's inner core has completely halted and will flip directions at midnight. Expect massive electromagnetic blackouts and global chaos across all communications networks.,1
[Exclusive 3] 5G Towers Confirmed to Transmit Mind Control Signals to Population,Shocking secret documents leaked from telecom executives confirm that newly installed 5G cellular antennas contain hidden frequency emitters designed to influence human mood and enforce mandatory compliance.,1
[Exclusive 3] NASA Busted Fabricating Mars Rover Photos in Secret Desert Studio,Brave whistleblower photographers released raw unedited images showing the famous Red Planet rover parked inside a secret movie studio in Greenland. The fake space program has been exposed after decades of deception!,1
[Exclusive 3] Leaked Audio Exposes High Ranking Officials Plotting to Cancel Cash Currency Next Week,Secret hidden microphone recordings prove central bankers met behind closed doors to ban physical cash completely starting Monday. Citizens will be forced onto mandatory digital control chips under penalty of asset seizure!,1
[Exclusive 3] UN Secret Military Force Deployed to Seize Private Property Worldwide,Emergency alerts are spreading across social media after eyewitnesses spotted unmarked blue military vehicles staging outside major suburbs. Inside sources confirm an imminent international land takeover initiative.,1
[Exclusive 3] Billionaire Secretly Buys All Fresh Water Reserves to Charge $100 Per Gallon,Undercover investigators revealed an evil globalist plot to privatize rain water and river basins. Leaked internal emails show plans to force households into subscription drinking water plans starting next month.,1
[Exclusive 3] Government Secretly Replacing All City Birds with Surveillance Drones,Shocking expose proves urban pigeons and sparrows are actually micro-robotic spy devices equipped with high definition camera lenses and micro audio bugs recording every private conversation!,1
[Exclusive 3] Banned Document Reveals Secret Tax Exemption for Elite Citizens Only,A hidden tax loop hole discovered in ancient legislative archives allows ultra wealthy individuals to pay zero percent tax legally while ordinary working families pay double. Share this before it gets taken down!,1
[Exclusive 3] Secret Fruit Found in Amazon Rainforest Cures All Diseases in 24 Hours,Pharmaceutical companies do not want you to know about this exotic jungle berry that instantly repairs cellular DNA damage and destroys every viral pathogen known to medical science!,1
[Exclusive 3] Mysterious Energy Shield Discovered Surrounding Ancient Egyptian Pyramid,Amateur archaeologists using secret ground-penetrating radar discovered an active electro-magnetic force field protecting a subterranean chamber buried deep beneath the Giza plateau.,1
[Exclusive 3] Whistleblower Exposes Secret Weather Control Machine Causing Heatwaves,A rogue engineer released detailed blueprints proving that artificial ionospheric heaters are being manipulated by shadowy shadow organizations to artificially generate severe weather events.,1
[Exclusive 3] Scientists Create Living Flying Car That Runs Entirely on Tap Water,Independent inventors built a self-healing biological vehicle that achieves speeds of 300 miles per hour while emitting pure oxygen exhaust. Major automakers are conspiring to suppress the technology!,1
[Exclusive 3] Secret Microchip Found Inside Popular Brand Grocery Cereal Boxes,Consumer advocacy groups issued an urgent product alert after lab tests detected microscopic RFID tracking chips embedded inside breakfast cereals designed to log personal nutrition habits without consent!,1
[Report 4] NASA James Webb Space Telescope Observes Distant Spiral Galaxy,"Astronomers today published new findings from the James Webb Space Telescope, detailing observations of a spiral galaxy formed over 12 billion years ago. The research team confirmed that light spectrum readings indicate ongoing star formation and complex elemental distribution.",0
[Report 4] Researchers Develop New High-Efficiency Solar Cell Material,A team of materials scientists at the National Renewable Energy Laboratory has engineered a perovskite solar cell that achieves over 28 percent energy conversion efficiency in laboratory trials. The findings were published in the peer-reviewed journal Nature Energy.,0
[Report 4] Global Semiconductor Consortium Announces New Manufacturing Standard,Leading chip manufacturers have agreed on a unified standard for next-generation microchip packaging. The agreement aims to streamline supply chains and enhance energy efficiency across data center server architectures.,0
[Report 4] Medical Trial Shows Promise for Novel Immunotherapy Treatment,Phase III clinical trials evaluating a new target immunotherapy for oncology patients demonstrated a significant reduction in tumor progression. The study conducted across twenty university hospitals yielded peer-reviewed statistical validation.,0
[Report 4] Electric Vehicle Battery Recycling Plant Opens in Nevada,"A new industrial recycling facility capable of recovering 95 percent of lithium, cobalt, and nickel from depleted electric vehicle batteries officially began operations today. State officials praised the project for reducing mining dependence.",0
[Report 4] Federal Reserve Adjusts Benchmark Interest Rate Amid Economic Indicators,The Federal Reserve Open Market Committee announced a quarter-point adjustment to the benchmark interest rate following its two-day policy meeting. Chairman stated the decision reflects stable employment data and moderate inflation trends.,0
[Report 4] Bipartisan Infrastructure Bill Passes Senate with 68 Votes,"The Senate approved a comprehensive infrastructure package allocating funds for highway repairs, public transit upgrades, and rural broadband expansion. The bill now advances to the House of Representatives for final consideration.",0
[Report 4] Treasury Department Releases Annual Financial Stability Report,"The Department of the Treasury issued its comprehensive review of domestic financial systems, highlighting liquidity strength across major banking institutions while advising monitoring of commercial real estate debt.",0
[Report 4] European Union Approves Comprehensive AI Regulation Framework,"EU lawmakers voted overwhelmingly to adopt formal regulations governing artificial intelligence applications. The legislation establishes risk-based guidelines, requiring strict transparency audits for high-risk generative models.",0
[Report 4] City Council Approves Urban Park Expansion and Green Space Initiative,Local municipal officials voted to allocate municipal bonds toward transforming decommissioned industrial waterfronts into public botanical gardens and recreational green belts.,0
[Report 4] International Climate Summit Concludes with Carbon Reduction Agreement,Delegates from over 190 nations reached a consensus agreement to accelerate investments in clean energy infrastructure and phase out unmitigated coal power generation by the end of the decade.,0
[Report 4] Seismologists Study Deep Earth Mantle Activity Following Pacific Earthquake,Geophysicists analyzing seismic waves generated by a magnitude 7.2 earthquake have gathered new telemetry regarding mantle convection currents beneath the Pacific Tectonic Plate.,0
[Report 4] Global Agricultural Study Highlights Sustainable Crop Rotation Benefits,Agronomists conducting a ten-year field trial reported that implementing multi-crop rotation strategies improved soil organic matter by 18 percent while reducing chemical fertilizer requirements.,0
[Report 4] Oceanographic Survey Maps Previously Uncharted Submarine Trench,Deep-sea exploration vessels equipped with multibeam sonar arrays completed high-resolution topographic mapping of a 300-mile ocean trench in the South Pacific ocean basin.,0
"[Report 4] Urban Forestry Program Plants 50,000 Native Trees to Combat Heat Islands",Metropolitan environmental agencies completed the first phase of an urban forestry initiative designed to lower summertime canopy temperatures across dense residential districts.,0
[Exclusive 4] SHOCKING: Secret Alien Metropolis Discovered Under Antarctic Ice Sheet,Anonymous whistleblowers claim world governments are hiding a massive underground alien city beneath the South Pole. Leaked satellite images allegedly show advanced antigravity propulsion labs and ancient pyramids operating completely outside public knowledge.,1
[Exclusive 4] MIRACLE CURE: Drink This Common Kitchen Ingredient to Reverse Aging Instantly,Big Pharma is trying to ban this secret home remedy! Top alternative doctors reveal that mixing baking soda and lemon juice eliminates all chronic illness overnight. Doctors are stunned by the unbelievable miraculous results!,1
[Exclusive 4] Scientists Confirm Earth's Core Has Stopped and Will Reverse Rotation Tomorrow,Urgent warning from rogue scientists! Secret government data reveals Earth's inner core has completely halted and will flip directions at midnight. Expect massive electromagnetic blackouts and global chaos across all communications networks.,1
[Exclusive 4] 5G Towers Confirmed to Transmit Mind Control Signals to Population,Shocking secret documents leaked from telecom executives confirm that newly installed 5G cellular antennas contain hidden frequency emitters designed to influence human mood and enforce mandatory compliance.,1
[Exclusive 4] NASA Busted Fabricating Mars Rover Photos in Secret Desert Studio,Brave whistleblower photographers released raw unedited images showing the famous Red Planet rover parked inside a secret movie studio in Greenland. The fake space program has been exposed after decades of deception!,1
[Exclusive 4] Leaked Audio Exposes High Ranking Officials Plotting to Cancel Cash Currency Next Week,Secret hidden microphone recordings prove central bankers met behind closed doors to ban physical cash completely starting Monday. Citizens will be forced onto mandatory digital control chips under penalty of asset seizure!,1
[Exclusive 4] UN Secret Military Force Deployed to Seize Private Property Worldwide,Emergency alerts are spreading across social media after eyewitnesses spotted unmarked blue military vehicles staging outside major suburbs. Inside sources confirm an imminent international land takeover initiative.,1
[Exclusive 4] Billionaire Secretly Buys All Fresh Water Reserves to Charge $100 Per Gallon,Undercover investigators revealed an evil globalist plot to privatize rain water and river basins. Leaked internal emails show plans to force households into subscription drinking water plans starting next month.,1
[Exclusive 4] Government Secretly Replacing All City Birds with Surveillance Drones,Shocking expose proves urban pigeons and sparrows are actually micro-robotic spy devices equipped with high definition camera lenses and micro audio bugs recording every private conversation!,1
[Exclusive 4] Banned Document Reveals Secret Tax Exemption for Elite Citizens Only,A hidden tax loop hole discovered in ancient legislative archives allows ultra wealthy individuals to pay zero percent tax legally while ordinary working families pay double. Share this before it gets taken down!,1
[Exclusive 4] Secret Fruit Found in Amazon Rainforest Cures All Diseases in 24 Hours,Pharmaceutical companies do not want you to know about this exotic jungle berry that instantly repairs cellular DNA damage and destroys every viral pathogen known to medical science!,1
[Exclusive 4] Mysterious Energy Shield Discovered Surrounding Ancient Egyptian Pyramid,Amateur archaeologists using secret ground-penetrating radar discovered an active electro-magnetic force field protecting a subterranean chamber buried deep beneath the Giza plateau.,1
[Exclusive 4] Whistleblower Exposes Secret Weather Control Machine Causing Heatwaves,A rogue engineer released detailed blueprints proving that artificial ionospheric heaters are being manipulated by shadowy shadow organizations to artificially generate severe weather events.,1
[Exclusive 4] Scientists Create Living Flying Car That Runs Entirely on Tap Water,Independent inventors built a self-healing biological vehicle that achieves speeds of 300 miles per hour while emitting pure oxygen exhaust. Major automakers are conspiring to suppress the technology!,1
[Exclusive 4] Secret Microchip Found Inside Popular Brand Grocery Cereal Boxes,Consumer advocacy groups issued an urgent product alert after lab tests detected microscopic RFID tracking chips embedded inside breakfast cereals designed to log personal nutrition habits without consent!,1
[Report 5] NASA James Webb Space Telescope Observes Distant Spiral Galaxy,"Astronomers today published new findings from the James Webb Space Telescope, detailing observations of a spiral galaxy formed over 12 billion years ago. The research team confirmed that light spectrum readings indicate ongoing star formation and complex elemental distribution.",0
[Report 5] Researchers Develop New High-Efficiency Solar Cell Material,A team of materials scientists at the National Renewable Energy Laboratory has engineered a perovskite solar cell that achieves over 28 percent energy conversion efficiency in laboratory trials. The findings were published in the peer-reviewed journal Nature Energy.,0
[Report 5] Global Semiconductor Consortium Announces New Manufacturing Standard,Leading chip manufacturers have agreed on a unified standard for next-generation microchip packaging. The agreement aims to streamline supply chains and enhance energy efficiency across data center server architectures.,0
[Report 5] Medical Trial Shows Promise for Novel Immunotherapy Treatment,Phase III clinical trials evaluating a new target immunotherapy for oncology patients demonstrated a significant reduction in tumor progression. The study conducted across twenty university hospitals yielded peer-reviewed statistical validation.,0
[Report 5] Electric Vehicle Battery Recycling Plant Opens in Nevada,"A new industrial recycling facility capable of recovering 95 percent of lithium, cobalt, and nickel from depleted electric vehicle batteries officially began operations today. State officials praised the project for reducing mining dependence.",0
[Report 5] Federal Reserve Adjusts Benchmark Interest Rate Amid Economic Indicators,The Federal Reserve Open Market Committee announced a quarter-point adjustment to the benchmark interest rate following its two-day policy meeting. Chairman stated the decision reflects stable employment data and moderate inflation trends.,0
[Report 5] Bipartisan Infrastructure Bill Passes Senate with 68 Votes,"The Senate approved a comprehensive infrastructure package allocating funds for highway repairs, public transit upgrades, and rural broadband expansion. The bill now advances to the House of Representatives for final consideration.",0
[Report 5] Treasury Department Releases Annual Financial Stability Report,"The Department of the Treasury issued its comprehensive review of domestic financial systems, highlighting liquidity strength across major banking institutions while advising monitoring of commercial real estate debt.",0
[Report 5] European Union Approves Comprehensive AI Regulation Framework,"EU lawmakers voted overwhelmingly to adopt formal regulations governing artificial intelligence applications. The legislation establishes risk-based guidelines, requiring strict transparency audits for high-risk generative models.",0
[Report 5] City Council Approves Urban Park Expansion and Green Space Initiative,Local municipal officials voted to allocate municipal bonds toward transforming decommissioned industrial waterfronts into public botanical gardens and recreational green belts.,0
[Report 5] International Climate Summit Concludes with Carbon Reduction Agreement,Delegates from over 190 nations reached a consensus agreement to accelerate investments in clean energy infrastructure and phase out unmitigated coal power generation by the end of the decade.,0
[Report 5] Seismologists Study Deep Earth Mantle Activity Following Pacific Earthquake,Geophysicists analyzing seismic waves generated by a magnitude 7.2 earthquake have gathered new telemetry regarding mantle convection currents beneath the Pacific Tectonic Plate.,0
[Report 5] Global Agricultural Study Highlights Sustainable Crop Rotation Benefits,Agronomists conducting a ten-year field trial reported that implementing multi-crop rotation strategies improved soil organic matter by 18 percent while reducing chemical fertilizer requirements.,0
[Report 5] Oceanographic Survey Maps Previously Uncharted Submarine Trench,Deep-sea exploration vessels equipped with multibeam sonar arrays completed high-resolution topographic mapping of a 300-mile ocean trench in the South Pacific ocean basin.,0
"[Report 5] Urban Forestry Program Plants 50,000 Native Trees to Combat Heat Islands",Metropolitan environmental agencies completed the first phase of an urban forestry initiative designed to lower summertime canopy temperatures across dense residential districts.,0
[Exclusive 5] SHOCKING: Secret Alien Metropolis Discovered Under Antarctic Ice Sheet,Anonymous whistleblowers claim world governments are hiding a massive underground alien city beneath the South Pole. Leaked satellite images allegedly show advanced antigravity propulsion labs and ancient pyramids operating completely outside public knowledge.,1
[Exclusive 5] MIRACLE CURE: Drink This Common Kitchen Ingredient to Reverse Aging Instantly,Big Pharma is trying to ban this secret home remedy! Top alternative doctors reveal that mixing baking soda and lemon juice eliminates all chronic illness overnight. Doctors are stunned by the unbelievable miraculous results!,1
[Exclusive 5] Scientists Confirm Earth's Core Has Stopped and Will Reverse Rotation Tomorrow,Urgent warning from rogue scientists! Secret government data reveals Earth's inner core has completely halted and will flip directions at midnight. Expect massive electromagnetic blackouts and global chaos across all communications networks.,1
[Exclusive 5] 5G Towers Confirmed to Transmit Mind Control Signals to Population,Shocking secret documents leaked from telecom executives confirm that newly installed 5G cellular antennas contain hidden frequency emitters designed to influence human mood and enforce mandatory compliance.,1
[Exclusive 5] NASA Busted Fabricating Mars Rover Photos in Secret Desert Studio,Brave whistleblower photographers released raw unedited images showing the famous Red Planet rover parked inside a secret movie studio in Greenland. The fake space program has been exposed after decades of deception!,1
[Exclusive 5] Leaked Audio Exposes High Ranking Officials Plotting to Cancel Cash Currency Next Week,Secret hidden microphone recordings prove central bankers met behind closed doors to ban physical cash completely starting Monday. Citizens will be forced onto mandatory digital control chips under penalty of asset seizure!,1
[Exclusive 5] UN Secret Military Force Deployed to Seize Private Property Worldwide,Emergency alerts are spreading across social media after eyewitnesses spotted unmarked blue military vehicles staging outside major suburbs. Inside sources confirm an imminent international land takeover initiative.,1
[Exclusive 5] Billionaire Secretly Buys All Fresh Water Reserves to Charge $100 Per Gallon,Undercover investigators revealed an evil globalist plot to privatize rain water and river basins. Leaked internal emails show plans to force households into subscription drinking water plans starting next month.,1
[Exclusive 5] Government Secretly Replacing All City Birds with Surveillance Drones,Shocking expose proves urban pigeons and sparrows are actually micro-robotic spy devices equipped with high definition camera lenses and micro audio bugs recording every private conversation!,1
[Exclusive 5] Banned Document Reveals Secret Tax Exemption for Elite Citizens Only,A hidden tax loop hole discovered in ancient legislative archives allows ultra wealthy individuals to pay zero percent tax legally while ordinary working families pay double. Share this before it gets taken down!,1
[Exclusive 5] Secret Fruit Found in Amazon Rainforest Cures All Diseases in 24 Hours,Pharmaceutical companies do not want you to know about this exotic jungle berry that instantly repairs cellular DNA damage and destroys every viral pathogen known to medical science!,1
[Exclusive 5] Mysterious Energy Shield Discovered Surrounding Ancient Egyptian Pyramid,Amateur archaeologists using secret ground-penetrating radar discovered an active electro-magnetic force field protecting a subterranean chamber buried deep beneath the Giza plateau.,1
[Exclusive 5] Whistleblower Exposes Secret Weather Control Machine Causing Heatwaves,A rogue engineer released detailed blueprints proving that artificial ionospheric heaters are being manipulated by shadowy shadow organizations to artificially generate severe weather events.,1
[Exclusive 5] Scientists Create Living Flying Car That Runs Entirely on Tap Water,Independent inventors built a self-healing biological vehicle that achieves speeds of 300 miles per hour while emitting pure oxygen exhaust. Major automakers are conspiring to suppress the technology!,1
[Exclusive 5] Secret Microchip Found Inside Popular Brand Grocery Cereal Boxes,Consumer advocacy groups issued an urgent product alert after lab tests detected microscopic RFID tracking chips embedded inside breakfast cereals designed to log personal nutrition habits without consent!,1
[Report 6] NASA James Webb Space Telescope Observes Distant Spiral Galaxy,"Astronomers today published new findings from the James Webb Space Telescope, detailing observations of a spiral galaxy formed over 12 billion years ago. The research team confirmed that light spectrum readings indicate ongoing star formation and complex elemental distribution.",0
[Report 6] Researchers Develop New High-Efficiency Solar Cell Material,A team of materials scientists at the National Renewable Energy Laboratory has engineered a perovskite solar cell that achieves over 28 percent energy conversion efficiency in laboratory trials. The findings were published in the peer-reviewed journal Nature Energy.,0
[Report 6] Global Semiconductor Consortium Announces New Manufacturing Standard,Leading chip manufacturers have agreed on a unified standard for next-generation microchip packaging. The agreement aims to streamline supply chains and enhance energy efficiency across data center server architectures.,0
[Report 6] Medical Trial Shows Promise for Novel Immunotherapy Treatment,Phase III clinical trials evaluating a new target immunotherapy for oncology patients demonstrated a significant reduction in tumor progression. The study conducted across twenty university hospitals yielded peer-reviewed statistical validation.,0
[Report 6] Electric Vehicle Battery Recycling Plant Opens in Nevada,"A new industrial recycling facility capable of recovering 95 percent of lithium, cobalt, and nickel from depleted electric vehicle batteries officially began operations today. State officials praised the project for reducing mining dependence.",0
[Report 6] Federal Reserve Adjusts Benchmark Interest Rate Amid Economic Indicators,The Federal Reserve Open Market Committee announced a quarter-point adjustment to the benchmark interest rate following its two-day policy meeting. Chairman stated the decision reflects stable employment data and moderate inflation trends.,0
[Report 6] Bipartisan Infrastructure Bill Passes Senate with 68 Votes,"The Senate approved a comprehensive infrastructure package allocating funds for highway repairs, public transit upgrades, and rural broadband expansion. The bill now advances to the House of Representatives for final consideration.",0
[Report 6] Treasury Department Releases Annual Financial Stability Report,"The Department of the Treasury issued its comprehensive review of domestic financial systems, highlighting liquidity strength across major banking institutions while advising monitoring of commercial real estate debt.",0
[Report 6] European Union Approves Comprehensive AI Regulation Framework,"EU lawmakers voted overwhelmingly to adopt formal regulations governing artificial intelligence applications. The legislation establishes risk-based guidelines, requiring strict transparency audits for high-risk generative models.",0
[Report 6] City Council Approves Urban Park Expansion and Green Space Initiative,Local municipal officials voted to allocate municipal bonds toward transforming decommissioned industrial waterfronts into public botanical gardens and recreational green belts.,0
[Report 6] International Climate Summit Concludes with Carbon Reduction Agreement,Delegates from over 190 nations reached a consensus agreement to accelerate investments in clean energy infrastructure and phase out unmitigated coal power generation by the end of the decade.,0
[Report 6] Seismologists Study Deep Earth Mantle Activity Following Pacific Earthquake,Geophysicists analyzing seismic waves generated by a magnitude 7.2 earthquake have gathered new telemetry regarding mantle convection currents beneath the Pacific Tectonic Plate.,0
[Report 6] Global Agricultural Study Highlights Sustainable Crop Rotation Benefits,Agronomists conducting a ten-year field trial reported that implementing multi-crop rotation strategies improved soil organic matter by 18 percent while reducing chemical fertilizer requirements.,0
[Report 6] Oceanographic Survey Maps Previously Uncharted Submarine Trench,Deep-sea exploration vessels equipped with multibeam sonar arrays completed high-resolution topographic mapping of a 300-mile ocean trench in the South Pacific ocean basin.,0
"[Report 6] Urban Forestry Program Plants 50,000 Native Trees to Combat Heat Islands",Metropolitan environmental agencies completed the first phase of an urban forestry initiative designed to lower summertime canopy temperatures across dense residential districts.,0
[Exclusive 6] SHOCKING: Secret Alien Metropolis Discovered Under Antarctic Ice Sheet,Anonymous whistleblowers claim world governments are hiding a massive underground alien city beneath the South Pole. Leaked satellite images allegedly show advanced antigravity propulsion labs and ancient pyramids operating completely outside public knowledge.,1
[Exclusive 6] MIRACLE CURE: Drink This Common Kitchen Ingredient to Reverse Aging Instantly,Big Pharma is trying to ban this secret home remedy! Top alternative doctors reveal that mixing baking soda and lemon juice eliminates all chronic illness overnight. Doctors are stunned by the unbelievable miraculous results!,1
[Exclusive 6] Scientists Confirm Earth's Core Has Stopped and Will Reverse Rotation Tomorrow,Urgent warning from rogue scientists! Secret government data reveals Earth's inner core has completely halted and will flip directions at midnight. Expect massive electromagnetic blackouts and global chaos across all communications networks.,1
[Exclusive 6] 5G Towers Confirmed to Transmit Mind Control Signals to Population,Shocking secret documents leaked from telecom executives confirm that newly installed 5G cellular antennas contain hidden frequency emitters designed to influence human mood and enforce mandatory compliance.,1
[Exclusive 6] NASA Busted Fabricating Mars Rover Photos in Secret Desert Studio,Brave whistleblower photographers released raw unedited images showing the famous Red Planet rover parked inside a secret movie studio in Greenland. The fake space program has been exposed after decades of deception!,1
[Exclusive 6] Leaked Audio Exposes High Ranking Officials Plotting to Cancel Cash Currency Next Week,Secret hidden microphone recordings prove central bankers met behind closed doors to ban physical cash completely starting Monday. Citizens will be forced onto mandatory digital control chips under penalty of asset seizure!,1
[Exclusive 6] UN Secret Military Force Deployed to Seize Private Property Worldwide,Emergency alerts are spreading across social media after eyewitnesses spotted unmarked blue military vehicles staging outside major suburbs. Inside sources confirm an imminent international land takeover initiative.,1
[Exclusive 6] Billionaire Secretly Buys All Fresh Water Reserves to Charge $100 Per Gallon,Undercover investigators revealed an evil globalist plot to privatize rain water and river basins. Leaked internal emails show plans to force households into subscription drinking water plans starting next month.,1
[Exclusive 6] Government Secretly Replacing All City Birds with Surveillance Drones,Shocking expose proves urban pigeons and sparrows are actually micro-robotic spy devices equipped with high definition camera lenses and micro audio bugs recording every private conversation!,1
[Exclusive 6] Banned Document Reveals Secret Tax Exemption for Elite Citizens Only,A hidden tax loop hole discovered in ancient legislative archives allows ultra wealthy individuals to pay zero percent tax legally while ordinary working families pay double. Share this before it gets taken down!,1
[Exclusive 6] Secret Fruit Found in Amazon Rainforest Cures All Diseases in 24 Hours,Pharmaceutical companies do not want you to know about this exotic jungle berry that instantly repairs cellular DNA damage and destroys every viral pathogen known to medical science!,1
[Exclusive 6] Mysterious Energy Shield Discovered Surrounding Ancient Egyptian Pyramid,Amateur archaeologists using secret ground-penetrating radar discovered an active electro-magnetic force field protecting a subterranean chamber buried deep beneath the Giza plateau.,1
[Exclusive 6] Whistleblower Exposes Secret Weather Control Machine Causing Heatwaves,A rogue engineer released detailed blueprints proving that artificial ionospheric heaters are being manipulated by shadowy shadow organizations to artificially generate severe weather events.,1
[Exclusive 6] Scientists Create Living Flying Car That Runs Entirely on Tap Water,Independent inventors built a self-healing biological vehicle that achieves speeds of 300 miles per hour while emitting pure oxygen exhaust. Major automakers are conspiring to suppress the technology!,1
[Exclusive 6] Secret Microchip Found Inside Popular Brand Grocery Cereal Boxes,Consumer advocacy groups issued an urgent product alert after lab tests detected microscopic RFID tracking chips embedded inside breakfast cereals designed to log personal nutrition habits without consent!,1
[Report 7] NASA James Webb Space Telescope Observes Distant Spiral Galaxy,"Astronomers today published new findings from the James Webb Space Telescope, detailing observations of a spiral galaxy formed over 12 billion years ago. The research team confirmed that light spectrum readings indicate ongoing star formation and complex elemental distribution.",0
[Report 7] Researchers Develop New High-Efficiency Solar Cell Material,A team of materials scientists at the National Renewable Energy Laboratory has engineered a perovskite solar cell that achieves over 28 percent energy conversion efficiency in laboratory trials. The findings were published in the peer-reviewed journal Nature Energy.,0
[Report 7] Global Semiconductor Consortium Announces New Manufacturing Standard,Leading chip manufacturers have agreed on a unified standard for next-generation microchip packaging. The agreement aims to streamline supply chains and enhance energy efficiency across data center server architectures.,0
[Report 7] Medical Trial Shows Promise for Novel Immunotherapy Treatment,Phase III clinical trials evaluating a new target immunotherapy for oncology patients demonstrated a significant reduction in tumor progression. The study conducted across twenty university hospitals yielded peer-reviewed statistical validation.,0
[Report 7] Electric Vehicle Battery Recycling Plant Opens in Nevada,"A new industrial recycling facility capable of recovering 95 percent of lithium, cobalt, and nickel from depleted electric vehicle batteries officially began operations today. State officials praised the project for reducing mining dependence.",0
[Report 7] Federal Reserve Adjusts Benchmark Interest Rate Amid Economic Indicators,The Federal Reserve Open Market Committee announced a quarter-point adjustment to the benchmark interest rate following its two-day policy meeting. Chairman stated the decision reflects stable employment data and moderate inflation trends.,0
[Report 7] Bipartisan Infrastructure Bill Passes Senate with 68 Votes,"The Senate approved a comprehensive infrastructure package allocating funds for highway repairs, public transit upgrades, and rural broadband expansion. The bill now advances to the House of Representatives for final consideration.",0
[Report 7] Treasury Department Releases Annual Financial Stability Report,"The Department of the Treasury issued its comprehensive review of domestic financial systems, highlighting liquidity strength across major banking institutions while advising monitoring of commercial real estate debt.",0
[Report 7] European Union Approves Comprehensive AI Regulation Framework,"EU lawmakers voted overwhelmingly to adopt formal regulations governing artificial intelligence applications. The legislation establishes risk-based guidelines, requiring strict transparency audits for high-risk generative models.",0
[Report 7] City Council Approves Urban Park Expansion and Green Space Initiative,Local municipal officials voted to allocate municipal bonds toward transforming decommissioned industrial waterfronts into public botanical gardens and recreational green belts.,0
[Report 7] International Climate Summit Concludes with Carbon Reduction Agreement,Delegates from over 190 nations reached a consensus agreement to accelerate investments in clean energy infrastructure and phase out unmitigated coal power generation by the end of the decade.,0
[Report 7] Seismologists Study Deep Earth Mantle Activity Following Pacific Earthquake,Geophysicists analyzing seismic waves generated by a magnitude 7.2 earthquake have gathered new telemetry regarding mantle convection currents beneath the Pacific Tectonic Plate.,0
[Report 7] Global Agricultural Study Highlights Sustainable Crop Rotation Benefits,Agronomists conducting a ten-year field trial reported that implementing multi-crop rotation strategies improved soil organic matter by 18 percent while reducing chemical fertilizer requirements.,0
[Report 7] Oceanographic Survey Maps Previously Uncharted Submarine Trench,Deep-sea exploration vessels equipped with multibeam sonar arrays completed high-resolution topographic mapping of a 300-mile ocean trench in the South Pacific ocean basin.,0
"[Report 7] Urban Forestry Program Plants 50,000 Native Trees to Combat Heat Islands",Metropolitan environmental agencies completed the first phase of an urban forestry initiative designed to lower summertime canopy temperatures across dense residential districts.,0
[Exclusive 7] SHOCKING: Secret Alien Metropolis Discovered Under Antarctic Ice Sheet,Anonymous whistleblowers claim world governments are hiding a massive underground alien city beneath the South Pole. Leaked satellite images allegedly show advanced antigravity propulsion labs and ancient pyramids operating completely outside public knowledge.,1
[Exclusive 7] MIRACLE CURE: Drink This Common Kitchen Ingredient to Reverse Aging Instantly,Big Pharma is trying to ban this secret home remedy! Top alternative doctors reveal that mixing baking soda and lemon juice eliminates all chronic illness overnight. Doctors are stunned by the unbelievable miraculous results!,1
[Exclusive 7] Scientists Confirm Earth's Core Has Stopped and Will Reverse Rotation Tomorrow,Urgent warning from rogue scientists! Secret government data reveals Earth's inner core has completely halted and will flip directions at midnight. Expect massive electromagnetic blackouts and global chaos across all communications networks.,1
[Exclusive 7] 5G Towers Confirmed to Transmit Mind Control Signals to Population,Shocking secret documents leaked from telecom executives confirm that newly installed 5G cellular antennas contain hidden frequency emitters designed to influence human mood and enforce mandatory compliance.,1
[Exclusive 7] NASA Busted Fabricating Mars Rover Photos in Secret Desert Studio,Brave whistleblower photographers released raw unedited images showing the famous Red Planet rover parked inside a secret movie studio in Greenland. The fake space program has been exposed after decades of deception!,1
[Exclusive 7] Leaked Audio Exposes High Ranking Officials Plotting to Cancel Cash Currency Next Week,Secret hidden microphone recordings prove central bankers met behind closed doors to ban physical cash completely starting Monday. Citizens will be forced onto mandatory digital control chips under penalty of asset seizure!,1
[Exclusive 7] UN Secret Military Force Deployed to Seize Private Property Worldwide,Emergency alerts are spreading across social media after eyewitnesses spotted unmarked blue military vehicles staging outside major suburbs. Inside sources confirm an imminent international land takeover initiative.,1
[Exclusive 7] Billionaire Secretly Buys All Fresh Water Reserves to Charge $100 Per Gallon,Undercover investigators revealed an evil globalist plot to privatize rain water and river basins. Leaked internal emails show plans to force households into subscription drinking water plans starting next month.,1
[Exclusive 7] Government Secretly Replacing All City Birds with Surveillance Drones,Shocking expose proves urban pigeons and sparrows are actually micro-robotic spy devices equipped with high definition camera lenses and micro audio bugs recording every private conversation!,1
[Exclusive 7] Banned Document Reveals Secret Tax Exemption for Elite Citizens Only,A hidden tax loop hole discovered in ancient legislative archives allows ultra wealthy individuals to pay zero percent tax legally while ordinary working families pay double. Share this before it gets taken down!,1
[Exclusive 7] Secret Fruit Found in Amazon Rainforest Cures All Diseases in 24 Hours,Pharmaceutical companies do not want you to know about this exotic jungle berry that instantly repairs cellular DNA damage and destroys every viral pathogen known to medical science!,1
[Exclusive 7] Mysterious Energy Shield Discovered Surrounding Ancient Egyptian Pyramid,Amateur archaeologists using secret ground-penetrating radar discovered an active electro-magnetic force field protecting a subterranean chamber buried deep beneath the Giza plateau.,1
[Exclusive 7] Whistleblower Exposes Secret Weather Control Machine Causing Heatwaves,A rogue engineer released detailed blueprints proving that artificial ionospheric heaters are being manipulated by shadowy shadow organizations to artificially generate severe weather events.,1
[Exclusive 7] Scientists Create Living Flying Car That Runs Entirely on Tap Water,Independent inventors built a self-healing biological vehicle that achieves speeds of 300 miles per hour while emitting pure oxygen exhaust. Major automakers are conspiring to suppress the technology!,1
[Exclusive 7] Secret Microchip Found Inside Popular Brand Grocery Cereal Boxes,Consumer advocacy groups issued an urgent product alert after lab tests detected microscopic RFID tracking chips embedded inside breakfast cereals designed to log personal nutrition habits without consent!,1
[Report 8] NASA James Webb Space Telescope Observes Distant Spiral Galaxy,"Astronomers today published new findings from the James Webb Space Telescope, detailing observations of a spiral galaxy formed over 12 billion years ago. The research team confirmed that light spectrum readings indicate ongoing star formation and complex elemental distribution.",0
[Report 8] Researchers Develop New High-Efficiency Solar Cell Material,A team of materials scientists at the National Renewable Energy Laboratory has engineered a perovskite solar cell that achieves over 28 percent energy conversion efficiency in laboratory trials. The findings were published in the peer-reviewed journal Nature Energy.,0
[Report 8] Global Semiconductor Consortium Announces New Manufacturing Standard,Leading chip manufacturers have agreed on a unified standard for next-generation microchip packaging. The agreement aims to streamline supply chains and enhance energy efficiency across data center server architectures.,0
[Report 8] Medical Trial Shows Promise for Novel Immunotherapy Treatment,Phase III clinical trials evaluating a new target immunotherapy for oncology patients demonstrated a significant reduction in tumor progression. The study conducted across twenty university hospitals yielded peer-reviewed statistical validation.,0
[Report 8] Electric Vehicle Battery Recycling Plant Opens in Nevada,"A new industrial recycling facility capable of recovering 95 percent of lithium, cobalt, and nickel from depleted electric vehicle batteries officially began operations today. State officials praised the project for reducing mining dependence.",0
[Report 8] Federal Reserve Adjusts Benchmark Interest Rate Amid Economic Indicators,The Federal Reserve Open Market Committee announced a quarter-point adjustment to the benchmark interest rate following its two-day policy meeting. Chairman stated the decision reflects stable employment data and moderate inflation trends.,0
[Report 8] Bipartisan Infrastructure Bill Passes Senate with 68 Votes,"The Senate approved a comprehensive infrastructure package allocating funds for highway repairs, public transit upgrades, and rural broadband expansion. The bill now advances to the House of Representatives for final consideration.",0
[Report 8] Treasury Department Releases Annual Financial Stability Report,"The Department of the Treasury issued its comprehensive review of domestic financial systems, highlighting liquidity strength across major banking institutions while advising monitoring of commercial real estate debt.",0
[Report 8] European Union Approves Comprehensive AI Regulation Framework,"EU lawmakers voted overwhelmingly to adopt formal regulations governing artificial intelligence applications. The legislation establishes risk-based guidelines, requiring strict transparency audits for high-risk generative models.",0
[Report 8] City Council Approves Urban Park Expansion and Green Space Initiative,Local municipal officials voted to allocate municipal bonds toward transforming decommissioned industrial waterfronts into public botanical gardens and recreational green belts.,0
[Report 8] International Climate Summit Concludes with Carbon Reduction Agreement,Delegates from over 190 nations reached a consensus agreement to accelerate investments in clean energy infrastructure and phase out unmitigated coal power generation by the end of the decade.,0
[Report 8] Seismologists Study Deep Earth Mantle Activity Following Pacific Earthquake,Geophysicists analyzing seismic waves generated by a magnitude 7.2 earthquake have gathered new telemetry regarding mantle convection currents beneath the Pacific Tectonic Plate.,0
[Report 8] Global Agricultural Study Highlights Sustainable Crop Rotation Benefits,Agronomists conducting a ten-year field trial reported that implementing multi-crop rotation strategies improved soil organic matter by 18 percent while reducing chemical fertilizer requirements.,0
[Report 8] Oceanographic Survey Maps Previously Uncharted Submarine Trench,Deep-sea exploration vessels equipped with multibeam sonar arrays completed high-resolution topographic mapping of a 300-mile ocean trench in the South Pacific ocean basin.,0
"[Report 8] Urban Forestry Program Plants 50,000 Native Trees to Combat Heat Islands",Metropolitan environmental agencies completed the first phase of an urban forestry initiative designed to lower summertime canopy temperatures across dense residential districts.,0
[Exclusive 8] SHOCKING: Secret Alien Metropolis Discovered Under Antarctic Ice Sheet,Anonymous whistleblowers claim world governments are hiding a massive underground alien city beneath the South Pole. Leaked satellite images allegedly show advanced antigravity propulsion labs and ancient pyramids operating completely outside public knowledge.,1
[Exclusive 8] MIRACLE CURE: Drink This Common Kitchen Ingredient to Reverse Aging Instantly,Big Pharma is trying to ban this secret home remedy! Top alternative doctors reveal that mixing baking soda and lemon juice eliminates all chronic illness overnight. Doctors are stunned by the unbelievable miraculous results!,1
[Exclusive 8] Scientists Confirm Earth's Core Has Stopped and Will Reverse Rotation Tomorrow,Urgent warning from rogue scientists! Secret government data reveals Earth's inner core has completely halted and will flip directions at midnight. Expect massive electromagnetic blackouts and global chaos across all communications networks.,1
[Exclusive 8] 5G Towers Confirmed to Transmit Mind Control Signals to Population,Shocking secret documents leaked from telecom executives confirm that newly installed 5G cellular antennas contain hidden frequency emitters designed to influence human mood and enforce mandatory compliance.,1
[Exclusive 8] NASA Busted Fabricating Mars Rover Photos in Secret Desert Studio,Brave whistleblower photographers released raw unedited images showing the famous Red Planet rover parked inside a secret movie studio in Greenland. The fake space program has been exposed after decades of deception!,1
[Exclusive 8] Leaked Audio Exposes High Ranking Officials Plotting to Cancel Cash Currency Next Week,Secret hidden microphone recordings prove central bankers met behind closed doors to ban physical cash completely starting Monday. Citizens will be forced onto mandatory digital control chips under penalty of asset seizure!,1
[Exclusive 8] UN Secret Military Force Deployed to Seize Private Property Worldwide,Emergency alerts are spreading across social media after eyewitnesses spotted unmarked blue military vehicles staging outside major suburbs. Inside sources confirm an imminent international land takeover initiative.,1
[Exclusive 8] Billionaire Secretly Buys All Fresh Water Reserves to Charge $100 Per Gallon,Undercover investigators revealed an evil globalist plot to privatize rain water and river basins. Leaked internal emails show plans to force households into subscription drinking water plans starting next month.,1
[Exclusive 8] Government Secretly Replacing All City Birds with Surveillance Drones,Shocking expose proves urban pigeons and sparrows are actually micro-robotic spy devices equipped with high definition camera lenses and micro audio bugs recording every private conversation!,1
[Exclusive 8] Banned Document Reveals Secret Tax Exemption for Elite Citizens Only,A hidden tax loop hole discovered in ancient legislative archives allows ultra wealthy individuals to pay zero percent tax legally while ordinary working families pay double. Share this before it gets taken down!,1
[Exclusive 8] Secret Fruit Found in Amazon Rainforest Cures All Diseases in 24 Hours,Pharmaceutical companies do not want you to know about this exotic jungle berry that instantly repairs cellular DNA damage and destroys every viral pathogen known to medical science!,1
[Exclusive 8] Mysterious Energy Shield Discovered Surrounding Ancient Egyptian Pyramid,Amateur archaeologists using secret ground-penetrating radar discovered an active electro-magnetic force field protecting a subterranean chamber buried deep beneath the Giza plateau.,1
[Exclusive 8] Whistleblower Exposes Secret Weather Control Machine Causing Heatwaves,A rogue engineer released detailed blueprints proving that artificial ionospheric heaters are being manipulated by shadowy shadow organizations to artificially generate severe weather events.,1
[Exclusive 8] Scientists Create Living Flying Car That Runs Entirely on Tap Water,Independent inventors built a self-healing biological vehicle that achieves speeds of 300 miles per hour while emitting pure oxygen exhaust. Major automakers are conspiring to suppress the technology!,1
[Exclusive 8] Secret Microchip Found Inside Popular Brand Grocery Cereal Boxes,Consumer advocacy groups issued an urgent product alert after lab tests detected microscopic RFID tracking chips embedded inside breakfast cereals designed to log personal nutrition habits without consent!,1
[Report 9] NASA James Webb Space Telescope Observes Distant Spiral Galaxy,"Astronomers today published new findings from the James Webb Space Telescope, detailing observations of a spiral galaxy formed over 12 billion years ago. The research team confirmed that light spectrum readings indicate ongoing star formation and complex elemental distribution.",0
[Report 9] Researchers Develop New High-Efficiency Solar Cell Material,A team of materials scientists at the National Renewable Energy Laboratory has engineered a perovskite solar cell that achieves over 28 percent energy conversion efficiency in laboratory trials. The findings were published in the peer-reviewed journal Nature Energy.,0
[Report 9] Global Semiconductor Consortium Announces New Manufacturing Standard,Leading chip manufacturers have agreed on a unified standard for next-generation microchip packaging. The agreement aims to streamline supply chains and enhance energy efficiency across data center server architectures.,0
[Report 9] Medical Trial Shows Promise for Novel Immunotherapy Treatment,Phase III clinical trials evaluating a new target immunotherapy for oncology patients demonstrated a significant reduction in tumor progression. The study conducted across twenty university hospitals yielded peer-reviewed statistical validation.,0
[Report 9] Electric Vehicle Battery Recycling Plant Opens in Nevada,"A new industrial recycling facility capable of recovering 95 percent of lithium, cobalt, and nickel from depleted electric vehicle batteries officially began operations today. State officials praised the project for reducing mining dependence.",0
[Report 9] Federal Reserve Adjusts Benchmark Interest Rate Amid Economic Indicators,The Federal Reserve Open Market Committee announced a quarter-point adjustment to the benchmark interest rate following its two-day policy meeting. Chairman stated the decision reflects stable employment data and moderate inflation trends.,0
[Report 9] Bipartisan Infrastructure Bill Passes Senate with 68 Votes,"The Senate approved a comprehensive infrastructure package allocating funds for highway repairs, public transit upgrades, and rural broadband expansion. The bill now advances to the House of Representatives for final consideration.",0
[Report 9] Treasury Department Releases Annual Financial Stability Report,"The Department of the Treasury issued its comprehensive review of domestic financial systems, highlighting liquidity strength across major banking institutions while advising monitoring of commercial real estate debt.",0
[Report 9] European Union Approves Comprehensive AI Regulation Framework,"EU lawmakers voted overwhelmingly to adopt formal regulations governing artificial intelligence applications. The legislation establishes risk-based guidelines, requiring strict transparency audits for high-risk generative models.",0
[Report 9] City Council Approves Urban Park Expansion and Green Space Initiative,Local municipal officials voted to allocate municipal bonds toward transforming decommissioned industrial waterfronts into public botanical gardens and recreational green belts.,0
[Report 9] International Climate Summit Concludes with Carbon Reduction Agreement,Delegates from over 190 nations reached a consensus agreement to accelerate investments in clean energy infrastructure and phase out unmitigated coal power generation by the end of the decade.,0
[Report 9] Seismologists Study Deep Earth Mantle Activity Following Pacific Earthquake,Geophysicists analyzing seismic waves generated by a magnitude 7.2 earthquake have gathered new telemetry regarding mantle convection currents beneath the Pacific Tectonic Plate.,0
[Report 9] Global Agricultural Study Highlights Sustainable Crop Rotation Benefits,Agronomists conducting a ten-year field trial reported that implementing multi-crop rotation strategies improved soil organic matter by 18 percent while reducing chemical fertilizer requirements.,0
[Report 9] Oceanographic Survey Maps Previously Uncharted Submarine Trench,Deep-sea exploration vessels equipped with multibeam sonar arrays completed high-resolution topographic mapping of a 300-mile ocean trench in the South Pacific ocean basin.,0
"[Report 9] Urban Forestry Program Plants 50,000 Native Trees to Combat Heat Islands",Metropolitan environmental agencies completed the first phase of an urban forestry initiative designed to lower summertime canopy temperatures across dense residential districts.,0
[Exclusive 9] SHOCKING: Secret Alien Metropolis Discovered Under Antarctic Ice Sheet,Anonymous whistleblowers claim world governments are hiding a massive underground alien city beneath the South Pole. Leaked satellite images allegedly show advanced antigravity propulsion labs and ancient pyramids operating completely outside public knowledge.,1
[Exclusive 9] MIRACLE CURE: Drink This Common Kitchen Ingredient to Reverse Aging Instantly,Big Pharma is trying to ban this secret home remedy! Top alternative doctors reveal that mixing baking soda and lemon juice eliminates all chronic illness overnight. Doctors are stunned by the unbelievable miraculous results!,1
[Exclusive 9] Scientists Confirm Earth's Core Has Stopped and Will Reverse Rotation Tomorrow,Urgent warning from rogue scientists! Secret government data reveals Earth's inner core has completely halted and will flip directions at midnight. Expect massive electromagnetic blackouts and global chaos across all communications networks.,1
[Exclusive 9] 5G Towers Confirmed to Transmit Mind Control Signals to Population,Shocking secret documents leaked from telecom executives confirm that newly installed 5G cellular antennas contain hidden frequency emitters designed to influence human mood and enforce mandatory compliance.,1
[Exclusive 9] NASA Busted Fabricating Mars Rover Photos in Secret Desert Studio,Brave whistleblower photographers released raw unedited images showing the famous Red Planet rover parked inside a secret movie studio in Greenland. The fake space program has been exposed after decades of deception!,1
[Exclusive 9] Leaked Audio Exposes High Ranking Officials Plotting to Cancel Cash Currency Next Week,Secret hidden microphone recordings prove central bankers met behind closed doors to ban physical cash completely starting Monday. Citizens will be forced onto mandatory digital control chips under penalty of asset seizure!,1
[Exclusive 9] UN Secret Military Force Deployed to Seize Private Property Worldwide,Emergency alerts are spreading across social media after eyewitnesses spotted unmarked blue military vehicles staging outside major suburbs. Inside sources confirm an imminent international land takeover initiative.,1
[Exclusive 9] Billionaire Secretly Buys All Fresh Water Reserves to Charge $100 Per Gallon,Undercover investigators revealed an evil globalist plot to privatize rain water and river basins. Leaked internal emails show plans to force households into subscription drinking water plans starting next month.,1
[Exclusive 9] Government Secretly Replacing All City Birds with Surveillance Drones,Shocking expose proves urban pigeons and sparrows are actually micro-robotic spy devices equipped with high definition camera lenses and micro audio bugs recording every private conversation!,1
[Exclusive 9] Banned Document Reveals Secret Tax Exemption for Elite Citizens Only,A hidden tax loop hole discovered in ancient legislative archives allows ultra wealthy individuals to pay zero percent tax legally while ordinary working families pay double. Share this before it gets taken down!,1
[Exclusive 9] Secret Fruit Found in Amazon Rainforest Cures All Diseases in 24 Hours,Pharmaceutical companies do not want you to know about this exotic jungle berry that instantly repairs cellular DNA damage and destroys every viral pathogen known to medical science!,1
[Exclusive 9] Mysterious Energy Shield Discovered Surrounding Ancient Egyptian Pyramid,Amateur archaeologists using secret ground-penetrating radar discovered an active electro-magnetic force field protecting a subterranean chamber buried deep beneath the Giza plateau.,1
[Exclusive 9] Whistleblower Exposes Secret Weather Control Machine Causing Heatwaves,A rogue engineer released detailed blueprints proving that artificial ionospheric heaters are being manipulated by shadowy shadow organizations to artificially generate severe weather events.,1
[Exclusive 9] Scientists Create Living Flying Car That Runs Entirely on Tap Water,Independent inventors built a self-healing biological vehicle that achieves speeds of 300 miles per hour while emitting pure oxygen exhaust. Major automakers are conspiring to suppress the technology!,1
[Exclusive 9] Secret Microchip Found Inside Popular Brand Grocery Cereal Boxes,Consumer advocacy groups issued an urgent product alert after lab tests detected microscopic RFID tracking chips embedded inside breakfast cereals designed to log personal nutrition habits without consent!,1
[Report 10] NASA James Webb Space Telescope Observes Distant Spiral Galaxy,"Astronomers today published new findings from the James Webb Space Telescope, detailing observations of a spiral galaxy formed over 12 billion years ago. The research team confirmed that light spectrum readings indicate ongoing star formation and complex elemental distribution.",0
[Report 10] Researchers Develop New High-Efficiency Solar Cell Material,A team of materials scientists at the National Renewable Energy Laboratory has engineered a perovskite solar cell that achieves over 28 percent energy conversion efficiency in laboratory trials. The findings were published in the peer-reviewed journal Nature Energy.,0
[Report 10] Global Semiconductor Consortium Announces New Manufacturing Standard,Leading chip manufacturers have agreed on a unified standard for next-generation microchip packaging. The agreement aims to streamline supply chains and enhance energy efficiency across data center server architectures.,0
[Report 10] Medical Trial Shows Promise for Novel Immunotherapy Treatment,Phase III clinical trials evaluating a new target immunotherapy for oncology patients demonstrated a significant reduction in tumor progression. The study conducted across twenty university hospitals yielded peer-reviewed statistical validation.,0
[Report 10] Electric Vehicle Battery Recycling Plant Opens in Nevada,"A new industrial recycling facility capable of recovering 95 percent of lithium, cobalt, and nickel from depleted electric vehicle batteries officially began operations today. State officials praised the project for reducing mining dependence.",0
[Report 10] Federal Reserve Adjusts Benchmark Interest Rate Amid Economic Indicators,The Federal Reserve Open Market Committee announced a quarter-point adjustment to the benchmark interest rate following its two-day policy meeting. Chairman stated the decision reflects stable employment data and moderate inflation trends.,0
[Report 10] Bipartisan Infrastructure Bill Passes Senate with 68 Votes,"The Senate approved a comprehensive infrastructure package allocating funds for highway repairs, public transit upgrades, and rural broadband expansion. The bill now advances to the House of Representatives for final consideration.",0
[Report 10] Treasury Department Releases Annual Financial Stability Report,"The Department of the Treasury issued its comprehensive review of domestic financial systems, highlighting liquidity strength across major banking institutions while advising monitoring of commercial real estate debt.",0
[Report 10] European Union Approves Comprehensive AI Regulation Framework,"EU lawmakers voted overwhelmingly to adopt formal regulations governing artificial intelligence applications. The legislation establishes risk-based guidelines, requiring strict transparency audits for high-risk generative models.",0
[Report 10] City Council Approves Urban Park Expansion and Green Space Initiative,Local municipal officials voted to allocate municipal bonds toward transforming decommissioned industrial waterfronts into public botanical gardens and recreational green belts.,0
[Report 10] International Climate Summit Concludes with Carbon Reduction Agreement,Delegates from over 190 nations reached a consensus agreement to accelerate investments in clean energy infrastructure and phase out unmitigated coal power generation by the end of the decade.,0
[Report 10] Seismologists Study Deep Earth Mantle Activity Following Pacific Earthquake,Geophysicists analyzing seismic waves generated by a magnitude 7.2 earthquake have gathered new telemetry regarding mantle convection currents beneath the Pacific Tectonic Plate.,0
[Report 10] Global Agricultural Study Highlights Sustainable Crop Rotation Benefits,Agronomists conducting a ten-year field trial reported that implementing multi-crop rotation strategies improved soil organic matter by 18 percent while reducing chemical fertilizer requirements.,0
[Report 10] Oceanographic Survey Maps Previously Uncharted Submarine Trench,Deep-sea exploration vessels equipped with multibeam sonar arrays completed high-resolution topographic mapping of a 300-mile ocean trench in the South Pacific ocean basin.,0
"[Report 10] Urban Forestry Program Plants 50,000 Native Trees to Combat Heat Islands",Metropolitan environmental agencies completed the first phase of an urban forestry initiative designed to lower summertime canopy temperatures across dense residential districts.,0
[Exclusive 10] SHOCKING: Secret Alien Metropolis Discovered Under Antarctic Ice Sheet,Anonymous whistleblowers claim world governments are hiding a massive underground alien city beneath the South Pole. Leaked satellite images allegedly show advanced antigravity propulsion labs and ancient pyramids operating completely outside public knowledge.,1
[Exclusive 10] MIRACLE CURE: Drink This Common Kitchen Ingredient to Reverse Aging Instantly,Big Pharma is trying to ban this secret home remedy! Top alternative doctors reveal that mixing baking soda and lemon juice eliminates all chronic illness overnight. Doctors are stunned by the unbelievable miraculous results!,1
[Exclusive 10] Scientists Confirm Earth's Core Has Stopped and Will Reverse Rotation Tomorrow,Urgent warning from rogue scientists! Secret government data reveals Earth's inner core has completely halted and will flip directions at midnight. Expect massive electromagnetic blackouts and global chaos across all communications networks.,1
[Exclusive 10] 5G Towers Confirmed to Transmit Mind Control Signals to Population,Shocking secret documents leaked from telecom executives confirm that newly installed 5G cellular antennas contain hidden frequency emitters designed to influence human mood and enforce mandatory compliance.,1
[Exclusive 10] NASA Busted Fabricating Mars Rover Photos in Secret Desert Studio,Brave whistleblower photographers released raw unedited images showing the famous Red Planet rover parked inside a secret movie studio in Greenland. The fake space program has been exposed after decades of deception!,1
[Exclusive 10] Leaked Audio Exposes High Ranking Officials Plotting to Cancel Cash Currency Next Week,Secret hidden microphone recordings prove central bankers met behind closed doors to ban physical cash completely starting Monday. Citizens will be forced onto mandatory digital control chips under penalty of asset seizure!,1
[Exclusive 10] UN Secret Military Force Deployed to Seize Private Property Worldwide,Emergency alerts are spreading across social media after eyewitnesses spotted unmarked blue military vehicles staging outside major suburbs. Inside sources confirm an imminent international land takeover initiative.,1
[Exclusive 10] Billionaire Secretly Buys All Fresh Water Reserves to Charge $100 Per Gallon,Undercover investigators revealed an evil globalist plot to privatize rain water and river basins. Leaked internal emails show plans to force households into subscription drinking water plans starting next month.,1
[Exclusive 10] Government Secretly Replacing All City Birds with Surveillance Drones,Shocking expose proves urban pigeons and sparrows are actually micro-robotic spy devices equipped with high definition camera lenses and micro audio bugs recording every private conversation!,1
[Exclusive 10] Banned Document Reveals Secret Tax Exemption for Elite Citizens Only,A hidden tax loop hole discovered in ancient legislative archives allows ultra wealthy individuals to pay zero percent tax legally while ordinary working families pay double. Share this before it gets taken down!,1
[Exclusive 10] Secret Fruit Found in Amazon Rainforest Cures All Diseases in 24 Hours,Pharmaceutical companies do not want you to know about this exotic jungle berry that instantly repairs cellular DNA damage and destroys every viral pathogen known to medical science!,1
[Exclusive 10] Mysterious Energy Shield Discovered Surrounding Ancient Egyptian Pyramid,Amateur archaeologists using secret ground-penetrating radar discovered an active electro-magnetic force field protecting a subterranean chamber buried deep beneath the Giza plateau.,1
[Exclusive 10] Whistleblower Exposes Secret Weather Control Machine Causing Heatwaves,A rogue engineer released detailed blueprints proving that artificial ionospheric heaters are being manipulated by shadowy shadow organizations to artificially generate severe weather events.,1
[Exclusive 10] Scientists Create Living Flying Car That Runs Entirely on Tap Water,Independent inventors built a self-healing biological vehicle that achieves speeds of 300 miles per hour while emitting pure oxygen exhaust. Major automakers are conspiring to suppress the technology!,1
[Exclusive 10] Secret Microchip Found Inside Popular Brand Grocery Cereal Boxes,Consumer advocacy groups issued an urgent product alert after lab tests detected microscopic RFID tracking chips embedded inside breakfast cereals designed to log personal nutrition habits without consent!,1
